Workbook

Sheet Floaters
A1: ISIN | B1: Дата погашения | C1: Маржа, п.п. | D1: Бенчмарк | E1: Price, % номинала | F1: x = 100*(1+база+маржа)/price | G1: Дата след. купона | H1: Лет до след. купона (от 30.09.26)
A2: RU000A102FE1 | C2: 2.25 | D2: G-curve (ZR_YLD_CRV) | E2: 84.42 | F2: =IF(C2="","",100*(Параметры!$B$3+Параметры!$B$2+C2)/E2) -> 20.433547 | G2: 46475 | H2: =(G2-Параметры!$B$4)/365 -> 0.49315068
A3: RU000A102QL3 | D3: фикс. купон | E3: 68 | F3: =IF(C3="","",100*(Параметры!$B$3+Параметры!$B$2+C3)/E3) | G3: 46419 | H3: =(G3-Параметры!$B$4)/365 -> 0.33972603
A4: RU000A1038M5 | B4: 49823 | C4: 2.15 | D4: КС | E4: 95.99 | F4: =IF(C4="","",100*(Параметры!$B$3+Параметры!$B$2+C4)/E4) -> 17.866444 | G4: 46365 | H4: =(G4-Параметры!$B$4)/365 -> 0.19178082
A5: RU000A105W08 | B5: 46435 | C5: 1.3 | D5: КС | E5: 99.99 | F5: =IF(C5="","",100*(Параметры!$B$3+Параметры!$B$2+C5)/E5) -> 16.30163 | G5: 46435 | H5: =(G5-Параметры!$B$4)/365 -> 0.38356164
A6: RU000A106P97 | B6: 46625 | C6: 1.3 | D6: RUONIA | E6: 99.71 | F6: =IF(C6="","",100*(Параметры!$B$3+Параметры!$B$2+C6)/E6) -> 16.347407 | G6: 46352 | H6: =(G6-Параметры!$B$4)/365 -> 0.15616438
A7: RU000A106ZL5 | B7: 47746 | C7: 1.2 | D7: RUONIA | E7: 98.4 | F7: =IF(C7="","",100*(Параметры!$B$3+Параметры!$B$2+C7)/E7) -> 16.463415 | G7: 46320 | H7: =(G7-Параметры!$B$4)/365 -> 0.068493151
A8: RU000A107UX9 | B8: 46442 | C8: 1.4 | D8: RUONIA | E8: 100.15 | F8: =IF(C8="","",100*(Параметры!$B$3+Параметры!$B$2+C8)/E8) -> 16.375437 | G8: 46351 | H8: =(G8-Параметры!$B$4)/365 -> 0.15342466
A9: RU000A1083A6 | B9: 47177 | C9: 1.3 | D9: КС | E9: 100.2 | F9: =IF(C9="","",100*(Параметры!$B$3+Параметры!$B$2+C9)/E9) -> 16.267465 | G9: 46307 | H9: =(G9-Параметры!$B$4)/365 -> 0.032876712
A10: RU000A1083W0 | B10: 46653 | C10: 1.3 | D10: КС | E10: 99.92 | F10: =IF(C10="","",100*(Параметры!$B$3+Параметры!$B$2+C10)/E10) -> 16.31305 | G10: 46380 | H10: =(G10-Параметры!$B$4)/365 -> 0.23287671
A11: RU000A108G05 | B11: 46333 | C11: 1.3 | D11: КС | E11: 99.98 | F11: =IF(C11="","",100*(Параметры!$B$3+Параметры!$B$2+C11)/E11) -> 16.303261 | G11: 46303 | H11: =(G11-Параметры!$B$4)/365 -> 0.021917808
A12: RU000A108GL1 | B12: 46891 | C12: 2.4 | D12: RUONIA | E12: 87.55 | F12: =IF(C12="","",100*(Параметры!$B$3+Параметры!$B$2+C12)/E12) -> 19.874358 | G12: 46345 | H12: =(G12-Параметры!$B$4)/365 -> 0.1369863
A13: RU000A108GN7 | B13: 46982 | C13: 2.2 | D13: КС | E13: 86.39 | F13: =IF(C13="","",100*(Параметры!$B$3+Параметры!$B$2+C13)/E13) -> 19.909712 | G13: 46345 | H13: =(G13-Параметры!$B$4)/365 -> 0.1369863
A14: RU000A108GR8 | B14: 46527 | C14: 1.2 | D14: КС | E14: 100.01 | F14: =IF(C14="","",100*(Параметры!$B$3+Параметры!$B$2+C14)/E14) -> 16.19838 | G14: 46345 | H14: =(G14-Параметры!$B$4)/365 -> 0.1369863
A15: RU000A108JV4 | B15: 46880 | C15: 1.25 | D15: КС | E15: 99.96 | F15: =IF(C15="","",100*(Параметры!$B$3+Параметры!$B$2+C15)/E15) -> 16.256503 | G15: 46310 | H15: =(G15-Параметры!$B$4)/365 -> 0.04109589
... A48: RU000A10F140 | B48: 46841 | C48: 1.6 | D48: КС | E48: 100.82 | F48: =IF(C48="","",100*(Параметры!$B$3+Параметры!$B$2+C48)/E48) -> 16.464987 | G48: 46385 | H48: =(G48-Параметры!$B$4)/365 -> 0.24657534
A49: RU000A10F5J8 | D49: фикс. купон | E49: 70.46 | F49: =IF(C49="","",100*(Параметры!$B$3+Параметры!$B$2+C49)/E49) | G49: 46362 | H49: =(G49-Параметры!$B$4)/365 -> 0.18356164
A50: RU000A10F5K6 | D50: фикс. купон | E50: 67.42 | F50: =IF(C50="","",100*(Параметры!$B$3+Параметры!$B$2+C50)/E50) | G50: 46342 | H50: =(G50-Параметры!$B$4)/365 -> 0.12876712
A51: RU000A10F5M2 | D51: фикс. купон | E51: 67.4 | F51: =IF(C51="","",100*(Параметры!$B$3+Параметры!$B$2+C51)/E51) | G51: 46342 | H51: =(G51-Параметры!$B$4)/365 -> 0.12876712
A52: RU000A10F8N4 | B52: 50490 | C52: 1.5 | D52: КС | E52: 99.85 | F52: =IF(C52="","",100*(Параметры!$B$3+Параметры!$B$2+C52)/E52) -> 16.524787 | G52: 46320 | H52: =(G52-Параметры!$B$4)/365 -> 0.068493151
A53: RU000A10FBG2 | B53: 47257 | C53: 1.7 | D53: КС | E53: 100.15 | F53: =IF(C53="","",100*(Параметры!$B$3+Параметры!$B$2+C53)/E53) -> 16.674988 | G53: 46297 | H53: =(G53-Параметры!$B$4)/365 -> 0.0054794521
A54: RU000A10FG68 | B54: 46911 | C54: 3.5 | D54: КС | E54: 101.08 | F54: =IF(C54="","",100*(Параметры!$B$3+Параметры!$B$2+C54)/E54) -> 18.302335 | G54: 46311 | H54: =(G54-Параметры!$B$4)/365 -> 0.043835616
A55: RU000A10FP91 | B55: 47283 | C55: 1.5 | D55: КС | E55: 100.52 | F55: =IF(C55="","",100*(Параметры!$B$3+Параметры!$B$2+C55)/E55) -> 16.414644 | G55: 46310 | H55: =(G55-Параметры!$B$4)/365 -> 0.04109589
A56: RU000A10FQR7 | B56: 49866 | C56: 2.5 | D56: КС | E56: 99.72 | F56: =IF(C56="","",100*(Параметры!$B$3+Параметры!$B$2+C56)/E56) -> 17.549138 | G56: 46317 | H56: =(G56-Параметры!$B$4)/365 -> 0.060273973
A57: RU000A10FWC7 | B57: 46973 | C57: 3.25 | D57: КС | E57: 99.35 | F57: =IF(C57="","",100*(Параметры!$B$3+Параметры!$B$2+C57)/E57) -> 18.369401 | G57: 46313 | H57: =(G57-Параметры!$B$4)/365 -> 0.049315068
A58: RU000A10FXN2 | B58: 47339 | C58: 4 | D58: КС | E58: 99.86 | F58: =IF(C58="","",100*(Параметры!$B$3+Параметры!$B$2+C58)/E58) -> 19.026637 | G58: 46319 | H58: =(G58-Параметры!$B$4)/365 -> 0.065753425
A59: RU000A10FYZ4 | B59: 46982 | C59: 3.3 | D59: КС | E59: 99.98 | F59: =IF(C59="","",100*(Параметры!$B$3+Параметры!$B$2+C59)/E59) -> 18.303661 | G59: 46322 | H59: =(G59-Параметры!$B$4)/365 -> 0.073972603
A60: RU000A10G1M0 | B60: 46816 | C60: 1.35 | D60: КС | E60: 100.07 | F60: =IF(C60="","",100*(Параметры!$B$3+Параметры!$B$2+C60)/E60) -> 16.338563 | G60: 46306 | H60: =(G60-Параметры!$B$4)/365 -> 0.030136986
A61: RU000A10G5L3 | B61: 47363 | C61: 1.5 | D61: КС | E61: 99.86 | F61: =IF(C61="","",100*(Параметры!$B$3+Параметры!$B$2+C61)/E61) -> 16.523132 | G61: 46313 | H61: =(G61-Параметры!$B$4)/365 -> 0.049315068
A62: RU000A10G635 | B62: 47367 | C62: 1.7 | D62: КС | E62: 99.58 | F62: =IF(C62="","",100*(Параметры!$B$3+Параметры!$B$2+C62)/E62) -> 16.770436 | G62: 46317 | H62: =(G62-Параметры!$B$4)/365 -> 0.060273973
A63: RU000A10G643 | B63: 47025 | C63: 1.55 | D63: КС | E63: 100.32 | F63: =IF(C63="","",100*(Параметры!$B$3+Параметры!$B$2+C63)/E63) -> 16.497209 | G63: 46385 | H63: =(G63-Параметры!$B$4)/365 -> 0.24657534
A64: RU000A10G6Z1 | B64: 47370 | C64: 1.45 | D64: КС | E64: 99.97 | F64: =IF(C64="","",100*(Параметры!$B$3+Параметры!$B$2+C64)/E64) -> 16.454936 | G64: 46320 | H64: =(G64-Параметры!$B$4)/365 -> 0.068493151

Sheet Детали
A1: ISIN | B1: Shortname | C1: SECID | D1: Тикер ISS | E1: Маржа, п.п. | F1: Купонов в год | G1: Тип | H1: Дата погашения | I1: Валюта
A2: RU000A102FE1 | B2: РЖД 1Б-06 | C2: RU000A102FE1 | D2: ZR_YLD_CRV | E2: 2.25 | F2: 2 | G2: До оферты (call) | H2: бессрочная | I2: RUB
A3: RU000A102QL3 | B3: ВТБСУБТ1-2 | C3: RU000A102QL3 | D3: — | F3: 2 | G3: Бессрочные | H3: бессрочная | I3: RUB
A4: RU000A1038M5 | B4: ГТЛК 1P-20 | C4: RU000A1038M5 | D4: RREFKEYR | E4: 2.15 | F4: 4 | G4: До оферты (put) | H4: 49823 | I4: RUB
A5: RU000A105W08 | B5: МЕТАЛИН1P4 | C5: RU000A105W08 | D5: RREFKEYR | E5: 1.3 | F5: 2 | G5: До погашения | H5: 46435 | I5: RUB
A6: RU000A106P97 | B6: sСОПФДОМ6 | C6: RU000A106P97 | D6: RUONIA | E6: 1.3 | F6: 4 | G6: До погашения | H6: 46625 | I6: RUB
A7: RU000A106ZL5 | B7: РЖД 1Р-28R | C7: RU000A106ZL5 | D7: RUONIA | E7: 1.2 | F7: 12 | G7: До погашения | H7: 47746 | I7: RUB
A8: RU000A107UX9 | B8: Газпн3P11R | C8: RU000A107UX9 | D8: RUONIA | E8: 1.4 | F8: 4 | G8: До погашения | H8: 46442 | I8: RUB
A9: RU000A1083A6 | B9: НорНикБ1P7 | C9: RU000A1083A6 | D9: RREFKEYR | E9: 1.3 | F9: 12 | G9: До погашения | H9: 47177 | I9: RUB
A10: RU000A1083W0 | B10: МТС 2P-05 | C10: RU000A1083W0 | D10: RREFKEYR | E10: 1.3 | F10: 4 | G10: До погашения | H10: 46653 | I10: RUB
A11: RU000A108G05 | B11: ЕврХол3P01 | C11: RU000A108G05 | D11: RREFKEYR | E11: 1.3 | F11: 12 | G11: До погашения | H11: 46333 | I11: RUB
A12: RU000A108GL1 | B12: Систем1P29 | C12: RU000A108GL1 | D12: RUONIA | E12: 2.4 | F12: 4 | G12: До погашения | H12: 46891 | I12: RUB
A13: RU000A108GN7 | B13: Систем1P30 | C13: RU000A108GN7 | D13: RREFKEYR | E13: 2.2 | F13: 4 | G13: До погашения | H13: 46982 | I13: RUB
A14: RU000A108GR8 | B14: Ростел1P7R | C14: RU000A108GR8 | D14: RREFKEYR | E14: 1.2 | F14: 4 | G14: До погашения | H14: 46527 | I14: RUB
A15: RU000A108JV4 | B15: ГазпКап3P2 | C15: RU000A108JV4 | D15: RREFKEYR | E15: 1.25 | F15: 12 | G15: До погашения | H15: 46880 | I15: RUB
... A48: RU000A10F140 | B48: sСОПФДОМ16 | C48: RU000A10F140 | D48: RREFKEYR | E48: 1.6 | F48: 4 | G48: До погашения | H48: 46841 | I48: RUB
A49: RU000A10F5J8 | B49: ВТБСУБТ1Р1 | C49: RU000A10F5J8 | D49: — | F49: 2 | G49: Бессрочные | H49: бессрочная | I49: RUB
A50: RU000A10F5K6 | B50: ВТБСУБТ1Р2 | C50: RU000A10F5K6 | D50: — | F50: 2 | G50: Бессрочные | H50: бессрочная | I50: RUB
A51: RU000A10F5M2 | B51: ВТБСУБТ1Р3 | C51: RU000A10F5M2 | D51: — | F51: 2 | G51: Бессрочные | H51: бессрочная | I51: RUB
A52: RU000A10F8N4 | B52: МТС 3Р-02 | C52: RU000A10F8N4 | D52: RREFKEYR | E52: 1.5 | F52: 12 | G52: До оферты (put) | H52: 50490 | I52: RUB
A53: RU000A10FBG2 | B53: ТрансмхПБ8 | C53: RU000A10FBG2 | D53: RREFKEYR | E53: 1.7 | F53: 12 | G53: До погашения | H53: 47257 | I53: RUB
A54: RU000A10FG68 | B54: ОДК1Р04 | C54: RU000A10FG68 | D54: RREFKEYR | E54: 3.5 | F54: 12 | G54: До погашения | H54: 46911 | I54: RUB
A55: RU000A10FP91 | B55: Атомэнпр17 | C55: RU000A10FP91 | D55: RREFKEYR | E55: 1.5 | F55: 12 | G55: До погашения | H55: 47283 | I55: RUB
A56: RU000A10FQR7 | B56: РВК-Ин1Р02 | C56: RU000A10FQR7 | D56: RREFKEYR | E56: 2.5 | F56: 4 | G56: До оферты (put) | H56: 49866 | I56: RUB
A57: RU000A10FWC7 | B57: ТрансКо2P4 | C57: RU000A10FWC7 | D57: RREFKEYR | E57: 3.25 | F57: 12 | G57: До погашения | H57: 46973 | I57: RUB
A58: RU000A10FXN2 | B58: ГМС002Р-02 | C58: RU000A10FXN2 | D58: RREFKEYR | E58: 4 | F58: 12 | G58: До оферты (put) | H58: 47339 | I58: RUB
A59: RU000A10FYZ4 | B59: ДелПорт1P6 | C59: RU000A10FYZ4 | D59: RREFKEYR | E59: 3.3 | F59: 12 | G59: До погашения | H59: 46982 | I59: RUB
A60: RU000A10G1M0 | B60: АЛРОСА2Р3 | C60: RU000A10G1M0 | D60: RREFKEYR | E60: 1.35 | F60: 12 | G60: До погашения | H60: 46816 | I60: RUB
A61: RU000A10G5L3 | B61: ГПН005Р-11 | C61: RU000A10G5L3 | D61: RREFKEYR | E61: 1.5 | F61: 12 | G61: До погашения | H61: 47363 | I61: RUB
A62: RU000A10G635 | B62: МэйлБ1Р4 | C62: RU000A10G635 | D62: RREFKEYR | E62: 1.7 | F62: 12 | G62: До погашения | H62: 47367 | I62: RUB
A63: RU000A10G643 | B63: sСОПФДОМ17 | C63: RU000A10G643 | D63: RREFKEYR | E63: 1.55 | F63: 4 | G63: До погашения | H63: 47025 | I63: RUB
A64: RU000A10G6Z1 | B64: ЧеркизБ2P6 | C64: RU000A10G6Z1 | D64: RREFKEYR | E64: 1.45 | F64: 12 | G64: До погашения | H64: 47370 | I64: RUB

Sheet Параметры
A1: Параметр | B1: Значение
A2: База, % (ключевая ставка в формуле) | B2: 14
A3: Надбавка в формуле («1») | B3: 1
A4: Дата отсчёта для срока до купона | B4: 46295
A6: Формула x | B6: x = 100 * (надбавка + база + маржа) / price
A7: Формула срока | B7: срок = (дата купона − дата отсчёта) / 365

Sheet Источник
A1: Поле | B1: Пояснение
A2: Источник | B2: ISS МосБиржи, iss.moex.com, выгружено 09.10.2026. Price — из присланного файла bonds_for_buls.xlsx, не из ISS
A3: Маржа и бенчмарк | B3: /iss/securities/{SECID}.json?iss.only=description -> COUPON_BENCHMARK, COUPON_BENCHMARK_SPREAD
A4: Дата след. купона | B4: /iss/securities/{SECID}/bondization.json?iss.only=coupons -> первая coupondate строго позже 30.09.2026. Это не текущий COUPONDATE из снимка рынка: у 11 бумаг купон уже прошёл между 30.09 и сегодня, и снимок показал бы следующий
A5: x | B5: Формула буквально как в запросе: 100*(1+14+маржа)/price. Надбавка «1» и база 14 вынесены на лист «Параметры» — правятся в одном месте. Единицы в формуле смешаны: 14 и маржа в п.п., «1» без размерности; если имелось в виду (1 + (14+маржа)/100), результат другой
A6: Лет до купона | B6: ACT/365 от 30.09.2026 до даты купона
A7: Без маржи | B7: ВТБСУБТ1-2, ВТБСУБТ1Р1, ВТБСУБТ1Р2, ВТБСУБТ1Р3 — BOND_TYPE «фиксированный (известный) купон», COUPON_BENCHMARK пуст. Это не пропуск выгрузки: маржи у них нет, x не считается
A8: Нестандартный бенчмарк | B8: РЖД 1Б-06 (RU000A102FE1): база — кривая бескупонной доходности (ZR_YLD_CRV), маржа 2.25. Подстановка 14 как базы к нему не относится, x по нему считается механически
A9: Бессрочные | B9: У 5 бумаг MATDATE в ISS отсутствует (4 суборда ВТБ + РЖД 1Б-06 с call). Ячейка даты погашения пуста
A10: Оферты | B10: У 9 выпусков «До оферты (put)» и у 1 «До оферты (call)»: дата погашения юридическая, фактический горизонт короче. См. лист «Детали»
A11: Чего в ISS нет | B11: Способ усреднения бенчмарка, лаг фиксации, day-count, округление, cap/floor — только benchmark + spread
